{
  "model": "deepseek-r1",
  "dataset": "folio",
  "experiment_type": "twostage",
  "total": 203,
  "correct": 151,
  "accuracy": 0.7438423645320197,
  "stage1_success": 201,
  "stage1_success_rate": 0.9901477832512315,
  "stage2_success": 173,
  "stage2_success_rate": 0.8606965174129353,
  "stage1_fail": 0,
  "stage2_fail": 26
}