{
  "model": "deepseek-r1",
  "dataset": "folio",
  "experiment_type": "twostage",
  "total": 203,
  "correct": 98,
  "accuracy": 0.4827586206896552,
  "stage1_success": 139,
  "stage1_success_rate": 0.6847290640394089,
  "stage2_success": 117,
  "stage2_success_rate": 0.841726618705036,
  "stage1_fail": 0,
  "stage2_fail": 19
}