{
  "model": "gpt-5",
  "dataset": "folio",
  "experiment_type": "twostage",
  "total": 203,
  "correct": 138,
  "accuracy": 0.6798029556650246,
  "stage1_success": 201,
  "stage1_success_rate": 0.9901477832512315,
  "stage2_success": 157,
  "stage2_success_rate": 0.7810945273631841,
  "stage1_fail": 0,
  "stage2_fail": 38
}