{
  "model": "deepseek-r1",
  "dataset": "folio",
  "experiment_type": "twostage",
  "total": 203,
  "correct": 148,
  "accuracy": 0.729064039408867,
  "stage1_success": 201,
  "stage1_success_rate": 0.9901477832512315,
  "stage2_success": 171,
  "stage2_success_rate": 0.8507462686567164,
  "stage1_fail": 2,
  "stage2_fail": 30
}