{
  "model": "deepseek-r1",
  "dataset": "folio",
  "experiment_type": "twostage",
  "total": 203,
  "correct": 151,
  "accuracy": 0.7438423645320197,
  "stage1_success": 197,
  "stage1_success_rate": 0.9704433497536946,
  "stage2_success": 170,
  "stage2_success_rate": 0.8629441624365483,
  "stage1_fail": 3,
  "stage2_fail": 23
}